filename,act_type,sent_count,age_months
020909b.cha,long,237,10
020909b.cha,toyplay,237,10
020909b.cha,TD,237,10
6206MP.cha,long,123,7
6206MP.cha,preverbal,123,7
6206MP.cha,TD,123,7
6493TM.cha,long,212,11
6493TM.cha,preverbal,212,11
6493TM.cha,TD,212,11
5039MB.cha,long,53,11
5039MB.cha,preverbal,53,11
5039MB.cha,TD,53,11
4801RB.cha,long,149,11
4801RB.cha,preverbal,149,11
4801RB.cha,TD,149,11
4310AM.cha,long,258,11
4310AM.cha,preverbal,258,11
4310AM.cha,TD,258,11
5573IH.cha,long,220,11
5573IH.cha,preverbal,220,11
5573IH.cha,TD,220,11
4664AM.cha,long,101,11
4664AM.cha,preverbal,101,11
4664AM.cha,TD,101,11
5365DL.cha,long,253,11
5365DL.cha,preverbal,253,11
5365DL.cha,TD,253,11
5482DF.cha,long,97,11
5482DF.cha,preverbal,97,11
5482DF.cha,TD,97,11
5954ML.cha,long,147,11
5954ML.cha,preverbal,147,11
5954ML.cha,TD,147,11
4650KS.cha,long,225,11
4650KS.cha,preverbal,225,11
4650KS.cha,TD,225,11
4858CM.cha,long,135,11
4858CM.cha,preverbal,135,11
4858CM.cha,TD,135,11
5193HB.cha,long,189,11
5193HB.cha,preverbal,189,11
5193HB.cha,TD,189,11
5837AK.cha,long,185,11
5837AK.cha,preverbal,185,11
5837AK.cha,TD,185,11
7236FB.cha,long,239,11
7236FB.cha,preverbal,239,11
7236FB.cha,TD,239,11
6878SK.cha,long,155,11
6878SK.cha,preverbal,155,11
6878SK.cha,TD,155,11
4629AB.cha,long,256,11
4629AB.cha,preverbal,256,11
4629AB.cha,TD,256,11
7075MB.cha,long,262,11
7075MB.cha,preverbal,262,11
7075MB.cha,TD,262,11
7018NB.cha,long,177,11
7018NB.cha,preverbal,177,11
7018NB.cha,TD,177,11
4452CM.cha,long,326,11
4452CM.cha,preverbal,326,11
4452CM.cha,TD,326,11
5111CG.cha,long,221,11
5111CG.cha,preverbal,221,11
5111CG.cha,TD,221,11
6337NK.cha,long,104,11
6337NK.cha,preverbal,104,11
6337NK.cha,TD,104,11
4825GG.cha,long,264,11
4825GG.cha,preverbal,264,11
4825GG.cha,TD,264,11
4273WC.cha,long,143,11
4273WC.cha,preverbal,143,11
4273WC.cha,TD,143,11
5118PM.cha,long,237,11
5118PM.cha,preverbal,237,11
5118PM.cha,TD,237,11
5571FW.cha,long,85,11
5571FW.cha,preverbal,85,11
5571FW.cha,TD,85,11
6815KG.cha,long,219,11
6815KG.cha,preverbal,219,11
6815KG.cha,TD,219,11
5443AO.cha,long,269,11
5443AO.cha,preverbal,269,11
5443AO.cha,TD,269,11
4731SA.cha,long,175,11
4731SA.cha,preverbal,175,11
4731SA.cha,TD,175,11
5440JJ.cha,long,82,11
5440JJ.cha,preverbal,82,11
5440JJ.cha,TD,82,11
7444IJ.cha,long,285,7
7444IJ.cha,preverbal,285,7
7444IJ.cha,TD,285,7
5196AVI.cha,long,156,11
5196AVI.cha,preverbal,156,11
5196AVI.cha,TD,156,11
5923MW.cha,long,59,11
5923MW.cha,preverbal,59,11
5923MW.cha,TD,59,11
5733LE.cha,long,193,11
5733LE.cha,preverbal,193,11
5733LE.cha,TD,193,11
5694MC.cha,long,133,11
5694MC.cha,preverbal,133,11
5694MC.cha,TD,133,11
7120CB.cha,long,174,11
7120CB.cha,preverbal,174,11
7120CB.cha,TD,174,11
5346GG.cha,long,157,11
5346GG.cha,preverbal,157,11
5346GG.cha,TD,157,11
5543EF.cha,long,189,11
5543EF.cha,preverbal,189,11
5543EF.cha,TD,189,11
5244SE.cha,long,128,11
5244SE.cha,preverbal,128,11
5244SE.cha,TD,128,11
5859ME.cha,long,193,11
5859ME.cha,preverbal,193,11
5859ME.cha,TD,193,11
5903AE.cha,long,288,11
5903AE.cha,preverbal,288,11
5903AE.cha,TD,288,11
6626SW.cha,long,297,11
6626SW.cha,preverbal,297,11
6626SW.cha,TD,297,11
4802JP.cha,long,170,11
4802JP.cha,preverbal,170,11
4802JP.cha,TD,170,11
6043AM.cha,long,316,11
6043AM.cha,preverbal,316,11
6043AM.cha,TD,316,11
5563DB.cha,long,199,11
5563DB.cha,preverbal,199,11
5563DB.cha,TD,199,11
4743NA.cha,long,236,11
4743NA.cha,preverbal,236,11
4743NA.cha,TD,236,11
5878SC.cha,long,193,11
5878SC.cha,preverbal,193,11
5878SC.cha,TD,193,11
5777FC.cha,long,150,11
5777FC.cha,preverbal,150,11
5777FC.cha,TD,150,11
5244RE.cha,long,163,11
5244RE.cha,preverbal,163,11
5244RE.cha,TD,163,11
4929MM.cha,long,245,11
4929MM.cha,preverbal,245,11
4929MM.cha,TD,245,11
5837JK.cha,long,145,11
5837JK.cha,preverbal,145,11
5837JK.cha,TD,145,11
5224EZS.cha,long,105,11
5224EZS.cha,preverbal,105,11
5224EZS.cha,TD,105,11
4997LM.cha,long,195,11
4997LM.cha,preverbal,195,11
4997LM.cha,TD,195,11
6630TM.cha,long,115,11
6630TM.cha,preverbal,115,11
6630TM.cha,TD,115,11
4903LS.cha,long,202,11
4903LS.cha,preverbal,202,11
4903LS.cha,TD,202,11
4641CC.cha,long,158,11
4641CC.cha,preverbal,158,11
4641CC.cha,TD,158,11
4866AC.cha,long,289,11
4866AC.cha,preverbal,289,11
4866AC.cha,TD,289,11
6453HS.cha,long,127,11
6453HS.cha,preverbal,127,11
6453HS.cha,TD,127,11
5928RL.cha,long,238,11
5928RL.cha,preverbal,238,11
5928RL.cha,TD,238,11
4814BS.cha,long,73,11
4814BS.cha,preverbal,73,11
4814BS.cha,TD,73,11
7183TB.cha,long,52,11
7183TB.cha,preverbal,52,11
7183TB.cha,TD,52,11
6454MB.cha,long,407,11
6454MB.cha,preverbal,407,11
6454MB.cha,TD,407,11
7119CM.cha,long,128,11
7119CM.cha,preverbal,128,11
7119CM.cha,TD,128,11
4619WZ.cha,long,186,11
4619WZ.cha,preverbal,186,11
4619WZ.cha,TD,186,11
5929LD.cha,long,214,11
5929LD.cha,preverbal,214,11
5929LD.cha,TD,214,11
5707RT.cha,long,146,11
5707RT.cha,preverbal,146,11
5707RT.cha,TD,146,11
5965PC.cha,long,200,11
5965PC.cha,preverbal,200,11
5965PC.cha,TD,200,11
4269LP.cha,long,152,11
4269LP.cha,preverbal,152,11
4269LP.cha,TD,152,11
4734ES.cha,long,131,11
4734ES.cha,preverbal,131,11
4734ES.cha,TD,131,11
6691MW.cha,long,149,11
6691MW.cha,preverbal,149,11
6691MW.cha,TD,149,11
5057MS.cha,long,146,11
5057MS.cha,preverbal,146,11
5057MS.cha,TD,146,11
6826LD.cha,long,210,11
6826LD.cha,preverbal,210,11
6826LD.cha,TD,210,11
5266EC.cha,long,158,11
5266EC.cha,preverbal,158,11
5266EC.cha,TD,158,11
7252PD.cha,long,138,11
7252PD.cha,preverbal,138,11
7252PD.cha,TD,138,11
5474ES.cha,long,112,11
5474ES.cha,preverbal,112,11
5474ES.cha,TD,112,11
5066WT.cha,long,208,11
5066WT.cha,preverbal,208,11
5066WT.cha,TD,208,11
5609DW.cha,long,113,11
5609DW.cha,preverbal,113,11
5609DW.cha,TD,113,11
7013VD.cha,long,130,11
7013VD.cha,preverbal,130,11
7013VD.cha,TD,130,11
7553JT.cha,long,133,11
7553JT.cha,preverbal,133,11
7553JT.cha,TD,133,11
5073AC.cha,long,64,11
5073AC.cha,preverbal,64,11
5073AC.cha,TD,64,11
4687NH.cha,long,133,11
4687NH.cha,preverbal,133,11
4687NH.cha,TD,133,11
6314AK.cha,long,303,11
6314AK.cha,preverbal,303,11
6314AK.cha,TD,303,11
5540LD.cha,long,136,11
5540LD.cha,preverbal,136,11
5540LD.cha,TD,136,11
7061AS.cha,long,97,11
7061AS.cha,preverbal,97,11
7061AS.cha,TD,97,11
7099EH.cha,long,257,11
7099EH.cha,preverbal,257,11
7099EH.cha,TD,257,11
4697JK.cha,long,155,11
4697JK.cha,preverbal,155,11
4697JK.cha,TD,155,11
5661AP.cha,long,166,11
5661AP.cha,preverbal,166,11
5661AP.cha,TD,166,11
5794ES.cha,long,215,11
5794ES.cha,preverbal,215,11
5794ES.cha,TD,215,11
5550VS.cha,long,76,11
5550VS.cha,preverbal,76,11
5550VS.cha,TD,76,11
7419EB.cha,long,325,11
7419EB.cha,preverbal,325,11
7419EB.cha,TD,325,11
5820CP.cha,long,180,11
5820CP.cha,preverbal,180,11
5820CP.cha,TD,180,11
5013LA.cha,long,116,11
5013LA.cha,preverbal,116,11
5013LA.cha,TD,116,11
6598JM.cha,long,205,11
6598JM.cha,preverbal,205,11
6598JM.cha,TD,205,11
4592HVG.cha,long,138,11
4592HVG.cha,preverbal,138,11
4592HVG.cha,TD,138,11
5449NG.cha,long,409,11
5449NG.cha,preverbal,409,11
5449NG.cha,TD,409,11
5561AC.cha,long,124,11
5561AC.cha,preverbal,124,11
5561AC.cha,TD,124,11
6818AP.cha,long,203,11
6818AP.cha,preverbal,203,11
6818AP.cha,TD,203,11
6510LC.cha,long,117,11
6510LC.cha,preverbal,117,11
6510LC.cha,TD,117,11
4854MP.cha,long,175,11
4854MP.cha,preverbal,175,11
4854MP.cha,TD,175,11
5303CW.cha,long,258,11
5303CW.cha,preverbal,258,11
5303CW.cha,TD,258,11
7222MD.cha,long,150,11
7222MD.cha,preverbal,150,11
7222MD.cha,TD,150,11
5977QJ.cha,long,173,11
5977QJ.cha,preverbal,173,11
5977QJ.cha,TD,173,11
4767JC.cha,long,287,11
4767JC.cha,preverbal,287,11
4767JC.cha,TD,287,11
6757JC.cha,long,265,11
6757JC.cha,preverbal,265,11
6757JC.cha,TD,265,11
6047JC.cha,long,117,11
6047JC.cha,preverbal,117,11
6047JC.cha,TD,117,11
5623AT.cha,long,126,11
5623AT.cha,preverbal,126,11
5623AT.cha,TD,126,11
5630WS.cha,long,198,11
5630WS.cha,preverbal,198,11
5630WS.cha,TD,198,11
6206MP.cha,long,43,11
6206MP.cha,preverbal,43,11
6206MP.cha,TD,43,11
5936SR.cha,long,202,11
5936SR.cha,preverbal,202,11
5936SR.cha,TD,202,11
6825MT.cha,long,225,11
6825MT.cha,preverbal,225,11
6825MT.cha,TD,225,11
4708IB.cha,long,395,11
4708IB.cha,preverbal,395,11
4708IB.cha,TD,395,11
7162MB.cha,long,199,11
7162MB.cha,preverbal,199,11
7162MB.cha,TD,199,11
7814NB.cha,long,110,11
7814NB.cha,preverbal,110,11
7814NB.cha,TD,110,11
7300AP.cha,long,238,11
7300AP.cha,preverbal,238,11
7300AP.cha,TD,238,11
5039MB.cha,long,38,10
5039MB.cha,preverbal,38,10
5039MB.cha,TD,38,10
4801RB.cha,long,102,10
4801RB.cha,preverbal,102,10
4801RB.cha,TD,102,10
4664AM.cha,long,73,10
4664AM.cha,preverbal,73,10
4664AM.cha,TD,73,10
4650KS.cha,long,235,10
4650KS.cha,preverbal,235,10
4650KS.cha,TD,235,10
4858CM.cha,long,98,10
4858CM.cha,preverbal,98,10
4858CM.cha,TD,98,10
7236FB.cha,long,155,10
7236FB.cha,preverbal,155,10
7236FB.cha,TD,155,10
6878SK.cha,long,255,10
6878SK.cha,preverbal,255,10
6878SK.cha,TD,255,10
7660HK.cha,long,207,10
7660HK.cha,preverbal,207,10
7660HK.cha,TD,207,10
4629AB.cha,long,218,10
4629AB.cha,preverbal,218,10
4629AB.cha,TD,218,10
4946RC.cha,long,324,10
4946RC.cha,preverbal,324,10
4946RC.cha,TD,324,10
7658LT.cha,long,190,10
7658LT.cha,preverbal,190,10
7658LT.cha,TD,190,10
4452CM.cha,long,256,10
4452CM.cha,preverbal,256,10
4452CM.cha,TD,256,10
5111CG.cha,long,108,10
5111CG.cha,preverbal,108,10
5111CG.cha,TD,108,10
4825GG.cha,long,326,10
4825GG.cha,preverbal,326,10
4825GG.cha,TD,326,10
4273WC.cha,long,173,10
4273WC.cha,preverbal,173,10
4273WC.cha,TD,173,10
5571FW.cha,long,170,10
5571FW.cha,preverbal,170,10
5571FW.cha,TD,170,10
6815KG.cha,long,218,10
6815KG.cha,preverbal,218,10
6815KG.cha,TD,218,10
4731SA.cha,long,213,10
4731SA.cha,preverbal,213,10
4731SA.cha,TD,213,10
5196AVI.cha,long,227,10
5196AVI.cha,preverbal,227,10
5196AVI.cha,TD,227,10
5923MW.cha,long,59,10
5923MW.cha,preverbal,59,10
5923MW.cha,TD,59,10
5694MC.cha,long,124,10
5694MC.cha,preverbal,124,10
5694MC.cha,TD,124,10
5346GG.cha,long,178,10
5346GG.cha,preverbal,178,10
5346GG.cha,TD,178,10
5244SE.cha,long,110,10
5244SE.cha,preverbal,110,10
5244SE.cha,TD,110,10
5859ME.cha,long,220,10
5859ME.cha,preverbal,220,10
5859ME.cha,TD,220,10
5903AE.cha,long,213,10
5903AE.cha,preverbal,213,10
5903AE.cha,TD,213,10
4802JP.cha,long,177,10
4802JP.cha,preverbal,177,10
4802JP.cha,TD,177,10
6043AM.cha,long,341,10
6043AM.cha,preverbal,341,10
6043AM.cha,TD,341,10
5563DB.cha,long,168,10
5563DB.cha,preverbal,168,10
5563DB.cha,TD,168,10
4743NA.cha,long,224,10
4743NA.cha,preverbal,224,10
4743NA.cha,TD,224,10
5244RE.cha,long,93,10
5244RE.cha,preverbal,93,10
5244RE.cha,TD,93,10
4929MM.cha,long,187,10
4929MM.cha,preverbal,187,10
4929MM.cha,TD,187,10
5837JK.cha,long,88,10
5837JK.cha,preverbal,88,10
5837JK.cha,TD,88,10
5224EZS.cha,long,89,10
5224EZS.cha,preverbal,89,10
5224EZS.cha,TD,89,10
4997LM.cha,long,212,10
4997LM.cha,preverbal,212,10
4997LM.cha,TD,212,10
4724LM.cha,long,226,10
4724LM.cha,preverbal,226,10
4724LM.cha,TD,226,10
6630TM.cha,long,136,10
6630TM.cha,preverbal,136,10
6630TM.cha,TD,136,10
4903LS.cha,long,195,10
4903LS.cha,preverbal,195,10
4903LS.cha,TD,195,10
4641CC.cha,long,218,10
4641CC.cha,preverbal,218,10
4641CC.cha,TD,218,10
4866AC.cha,long,220,10
4866AC.cha,preverbal,220,10
4866AC.cha,TD,220,10
6453HS.cha,long,153,10
6453HS.cha,preverbal,153,10
6453HS.cha,TD,153,10
4814BS.cha,long,78,10
4814BS.cha,preverbal,78,10
4814BS.cha,TD,78,10
4619WZ.cha,long,163,10
4619WZ.cha,preverbal,163,10
4619WZ.cha,TD,163,10
5965PC.cha,long,171,10
5965PC.cha,preverbal,171,10
5965PC.cha,TD,171,10
4269LP.cha,long,188,10
4269LP.cha,preverbal,188,10
4269LP.cha,TD,188,10
4734ES.cha,long,121,10
4734ES.cha,preverbal,121,10
4734ES.cha,TD,121,10
5057MS.cha,long,213,10
5057MS.cha,preverbal,213,10
5057MS.cha,TD,213,10
6826LD.cha,long,212,10
6826LD.cha,preverbal,212,10
6826LD.cha,TD,212,10
5266EC.cha,long,174,10
5266EC.cha,preverbal,174,10
5266EC.cha,TD,174,10
7252PD.cha,long,136,10
7252PD.cha,preverbal,136,10
7252PD.cha,TD,136,10
5066WT.cha,long,267,10
5066WT.cha,preverbal,267,10
5066WT.cha,TD,267,10
7013VD.cha,long,119,10
7013VD.cha,preverbal,119,10
7013VD.cha,TD,119,10
5073AC.cha,long,79,10
5073AC.cha,preverbal,79,10
5073AC.cha,TD,79,10
4687NH.cha,long,186,10
4687NH.cha,preverbal,186,10
4687NH.cha,TD,186,10
6314AK.cha,long,239,10
6314AK.cha,preverbal,239,10
6314AK.cha,TD,239,10
5540LD.cha,long,134,10
5540LD.cha,preverbal,134,10
5540LD.cha,TD,134,10
7061AS.cha,long,68,10
7061AS.cha,preverbal,68,10
7061AS.cha,TD,68,10
4697JK.cha,long,184,10
4697JK.cha,preverbal,184,10
4697JK.cha,TD,184,10
5794ES.cha,long,163,7
5794ES.cha,preverbal,163,7
5794ES.cha,TD,163,7
5550VS.cha,long,94,10
5550VS.cha,preverbal,94,10
5550VS.cha,TD,94,10
7419EB.cha,long,224,10
7419EB.cha,preverbal,224,10
7419EB.cha,TD,224,10
5820CP.cha,long,209,7
5820CP.cha,preverbal,209,7
5820CP.cha,TD,209,7
5013LA.cha,long,163,10
5013LA.cha,preverbal,163,10
5013LA.cha,TD,163,10
6598JM.cha,long,209,10
6598JM.cha,preverbal,209,10
6598JM.cha,TD,209,10
4592HVG.cha,long,142,10
4592HVG.cha,preverbal,142,10
4592HVG.cha,TD,142,10
5449NG.cha,long,205,10
5449NG.cha,preverbal,205,10
5449NG.cha,TD,205,10
5561AC.cha,long,105,10
5561AC.cha,preverbal,105,10
5561AC.cha,TD,105,10
7222MD.cha,long,199,10
7222MD.cha,preverbal,199,10
7222MD.cha,TD,199,10
5977QJ.cha,long,188,10
5977QJ.cha,preverbal,188,10
5977QJ.cha,TD,188,10
4767JC.cha,long,254,10
4767JC.cha,preverbal,254,10
4767JC.cha,TD,254,10
6757JC.cha,long,255,10
6757JC.cha,preverbal,255,10
6757JC.cha,TD,255,10
6206MP.cha,long,84,10
6206MP.cha,preverbal,84,10
6206MP.cha,TD,84,10
6825MT.cha,long,167,10
6825MT.cha,preverbal,167,10
6825MT.cha,TD,167,10
4708IB.cha,long,293,10
4708IB.cha,preverbal,293,10
4708IB.cha,TD,293,10
7162MB.cha,long,222,10
7162MB.cha,preverbal,222,10
7162MB.cha,TD,222,10
7300AP.cha,long,184,10
7300AP.cha,preverbal,184,10
7300AP.cha,TD,184,10
6493TM.cha,long,248,7
6493TM.cha,preverbal,248,7
6493TM.cha,TD,248,7
5039MB.cha,long,33,7
5039MB.cha,preverbal,33,7
5039MB.cha,TD,33,7
4801RB.cha,long,97,7
4801RB.cha,preverbal,97,7
4801RB.cha,TD,97,7
4310AM.cha,long,246,7
4310AM.cha,preverbal,246,7
4310AM.cha,TD,246,7
4664AM.cha,long,89,7
4664AM.cha,preverbal,89,7
4664AM.cha,TD,89,7
5365DL.cha,long,223,7
5365DL.cha,preverbal,223,7
5365DL.cha,TD,223,7
5482DF.cha,long,117,7
5482DF.cha,preverbal,117,7
5482DF.cha,TD,117,7
5954ML.cha,long,193,7
5954ML.cha,preverbal,193,7
5954ML.cha,TD,193,7
4650KS.cha,long,303,7
4650KS.cha,preverbal,303,7
4650KS.cha,TD,303,7
4858CM.cha,long,131,7
4858CM.cha,preverbal,131,7
4858CM.cha,TD,131,7
5193HB.cha,long,144,7
5193HB.cha,preverbal,144,7
5193HB.cha,TD,144,7
5837AK.cha,long,134,7
5837AK.cha,preverbal,134,7
5837AK.cha,TD,134,7
7236FB.cha,long,220,7
7236FB.cha,preverbal,220,7
7236FB.cha,TD,220,7
6878SK.cha,long,206,7
6878SK.cha,preverbal,206,7
6878SK.cha,TD,206,7
4629AB.cha,long,232,7
4629AB.cha,preverbal,232,7
4629AB.cha,TD,232,7
7075MB.cha,long,225,7
7075MB.cha,preverbal,225,7
7075MB.cha,TD,225,7
4946RC.cha,long,243,7
4946RC.cha,preverbal,243,7
4946RC.cha,TD,243,7
7018NB.cha,long,186,7
7018NB.cha,preverbal,186,7
7018NB.cha,TD,186,7
7658LT.cha,long,150,7
7658LT.cha,preverbal,150,7
7658LT.cha,TD,150,7
4452CM.cha,long,305,7
4452CM.cha,preverbal,305,7
4452CM.cha,TD,305,7
5111CG.cha,long,223,7
5111CG.cha,preverbal,223,7
5111CG.cha,TD,223,7
6337NK.cha,long,182,7
6337NK.cha,preverbal,182,7
6337NK.cha,TD,182,7
4825GG.cha,long,151,7
4825GG.cha,preverbal,151,7
4825GG.cha,TD,151,7
4273WC.cha,long,240,7
4273WC.cha,preverbal,240,7
4273WC.cha,TD,240,7
5118PM.cha,long,204,7
5118PM.cha,preverbal,204,7
5118PM.cha,TD,204,7
5571FW.cha,long,111,7
5571FW.cha,preverbal,111,7
5571FW.cha,TD,111,7
6815KG.cha,long,272,7
6815KG.cha,preverbal,272,7
6815KG.cha,TD,272,7
5443AO.cha,long,255,7
5443AO.cha,preverbal,255,7
5443AO.cha,TD,255,7
4731SA.cha,long,210,7
4731SA.cha,preverbal,210,7
4731SA.cha,TD,210,7
5440JJ.cha,long,31,7
5440JJ.cha,preverbal,31,7
5440JJ.cha,TD,31,7
7444IJ.cha,long,203,7
7444IJ.cha,preverbal,203,7
7444IJ.cha,TD,203,7
5196AVI.cha,long,234,7
5196AVI.cha,preverbal,234,7
5196AVI.cha,TD,234,7
5923MW.cha,long,79,7
5923MW.cha,preverbal,79,7
5923MW.cha,TD,79,7
5733LE.cha,long,181,7
5733LE.cha,preverbal,181,7
5733LE.cha,TD,181,7
5694MC.cha,long,161,7
5694MC.cha,preverbal,161,7
5694MC.cha,TD,161,7
7120CB.cha,long,194,7
7120CB.cha,preverbal,194,7
7120CB.cha,TD,194,7
5346GG.cha,long,153,7
5346GG.cha,preverbal,153,7
5346GG.cha,TD,153,7
5543EF.cha,long,185,7
5543EF.cha,preverbal,185,7
5543EF.cha,TD,185,7
5244SE.cha,long,97,7
5244SE.cha,preverbal,97,7
5244SE.cha,TD,97,7
5859ME.cha,long,109,7
5859ME.cha,preverbal,109,7
5859ME.cha,TD,109,7
5903AE.cha,long,199,7
5903AE.cha,preverbal,199,7
5903AE.cha,TD,199,7
4802JP.cha,long,304,7
4802JP.cha,preverbal,304,7
4802JP.cha,TD,304,7
6043AM.cha,long,298,7
6043AM.cha,preverbal,298,7
6043AM.cha,TD,298,7
4743NA.cha,long,152,7
4743NA.cha,preverbal,152,7
4743NA.cha,TD,152,7
6785KS.cha,long,225,7
6785KS.cha,preverbal,225,7
6785KS.cha,TD,225,7
5878SC.cha,long,176,7
5878SC.cha,preverbal,176,7
5878SC.cha,TD,176,7
5777FC.cha,long,182,7
5777FC.cha,preverbal,182,7
5777FC.cha,TD,182,7
5244RE.cha,long,101,7
5244RE.cha,preverbal,101,7
5244RE.cha,TD,101,7
4929MM.cha,long,143,7
4929MM.cha,preverbal,143,7
4929MM.cha,TD,143,7
5837JK.cha,long,154,7
5837JK.cha,preverbal,154,7
5837JK.cha,TD,154,7
5224EZS.cha,long,87,7
5224EZS.cha,preverbal,87,7
5224EZS.cha,TD,87,7
4997LM.cha,long,183,7
4997LM.cha,preverbal,183,7
4997LM.cha,TD,183,7
4724LM.cha,long,294,7
4724LM.cha,preverbal,294,7
4724LM.cha,TD,294,7
6630TM.cha,long,65,7
6630TM.cha,preverbal,65,7
6630TM.cha,TD,65,7
4903LS.cha,long,232,7
4903LS.cha,preverbal,232,7
4903LS.cha,TD,232,7
4641CC.cha,long,206,7
4641CC.cha,preverbal,206,7
4641CC.cha,TD,206,7
4866AC.cha,long,296,7
4866AC.cha,preverbal,296,7
4866AC.cha,TD,296,7
7251TR.cha,long,169,7
7251TR.cha,preverbal,169,7
7251TR.cha,TD,169,7
6453HS.cha,long,227,7
6453HS.cha,preverbal,227,7
6453HS.cha,TD,227,7
5928RL.cha,long,127,7
5928RL.cha,preverbal,127,7
5928RL.cha,TD,127,7
4814BS.cha,long,69,7
4814BS.cha,preverbal,69,7
4814BS.cha,TD,69,7
7183TB.cha,long,59,7
7183TB.cha,preverbal,59,7
7183TB.cha,TD,59,7
7534EM.cha,long,89,7
7534EM.cha,preverbal,89,7
7534EM.cha,TD,89,7
5949DL.cha,long,199,7
5949DL.cha,preverbal,199,7
5949DL.cha,TD,199,7
6454MB.cha,long,209,7
6454MB.cha,preverbal,209,7
6454MB.cha,TD,209,7
7119CM.cha,long,76,7
7119CM.cha,preverbal,76,7
7119CM.cha,TD,76,7
4619WZ.cha,long,243,7
4619WZ.cha,preverbal,243,7
4619WZ.cha,TD,243,7
5929LD.cha,long,345,7
5929LD.cha,preverbal,345,7
5929LD.cha,TD,345,7
5707RT.cha,long,99,7
5707RT.cha,preverbal,99,7
5707RT.cha,TD,99,7
5965PC.cha,long,88,7
5965PC.cha,preverbal,88,7
5965PC.cha,TD,88,7
4269LP.cha,long,108,7
4269LP.cha,preverbal,108,7
4269LP.cha,TD,108,7
4734ES.cha,long,168,7
4734ES.cha,preverbal,168,7
4734ES.cha,TD,168,7
6691MW.cha,long,164,7
6691MW.cha,preverbal,164,7
6691MW.cha,TD,164,7
5057MS.cha,long,194,7
5057MS.cha,preverbal,194,7
5057MS.cha,TD,194,7
6826LD.cha,long,226,7
6826LD.cha,preverbal,226,7
6826LD.cha,TD,226,7
5266EC.cha,long,188,7
5266EC.cha,preverbal,188,7
5266EC.cha,TD,188,7
7252PD.cha,long,89,7
7252PD.cha,preverbal,89,7
7252PD.cha,TD,89,7
5474ES.cha,long,138,7
5474ES.cha,preverbal,138,7
5474ES.cha,TD,138,7
5609DW.cha,long,129,7
5609DW.cha,preverbal,129,7
5609DW.cha,TD,129,7
7013VD.cha,long,100,7
7013VD.cha,preverbal,100,7
7013VD.cha,TD,100,7
7553JT.cha,long,92,7
7553JT.cha,preverbal,92,7
7553JT.cha,TD,92,7
5073AC.cha,long,120,7
5073AC.cha,preverbal,120,7
5073AC.cha,TD,120,7
4687NH.cha,long,51,7
4687NH.cha,preverbal,51,7
4687NH.cha,TD,51,7
6314AK.cha,long,346,7
6314AK.cha,preverbal,346,7
6314AK.cha,TD,346,7
5540LD.cha,long,141,7
5540LD.cha,preverbal,141,7
5540LD.cha,TD,141,7
7061AS.cha,long,93,7
7061AS.cha,preverbal,93,7
7061AS.cha,TD,93,7
7099EH.cha,long,241,7
7099EH.cha,preverbal,241,7
7099EH.cha,TD,241,7
4697JK.cha,long,124,7
4697JK.cha,preverbal,124,7
4697JK.cha,TD,124,7
5661AP.cha,long,165,7
5661AP.cha,preverbal,165,7
5661AP.cha,TD,165,7
5794ES.cha,long,266,7
5794ES.cha,preverbal,266,7
5794ES.cha,TD,266,7
5550VS.cha,long,70,7
5550VS.cha,preverbal,70,7
5550VS.cha,TD,70,7
7419EB.cha,long,132,7
7419EB.cha,preverbal,132,7
7419EB.cha,TD,132,7
5820CP.cha,long,211,7
5820CP.cha,preverbal,211,7
5820CP.cha,TD,211,7
5013LA.cha,long,155,7
5013LA.cha,preverbal,155,7
5013LA.cha,TD,155,7
6598JM.cha,long,255,7
6598JM.cha,preverbal,255,7
6598JM.cha,TD,255,7
4592HVG.cha,long,108,7
4592HVG.cha,preverbal,108,7
4592HVG.cha,TD,108,7
5449NG.cha,long,325,7
5449NG.cha,preverbal,325,7
5449NG.cha,TD,325,7
5561AC.cha,long,64,7
5561AC.cha,preverbal,64,7
5561AC.cha,TD,64,7
6818AP.cha,long,196,7
6818AP.cha,preverbal,196,7
6818AP.cha,TD,196,7
5593SH.cha,long,114,7
5593SH.cha,preverbal,114,7
5593SH.cha,TD,114,7
6510LC.cha,long,340,7
6510LC.cha,preverbal,340,7
6510LC.cha,TD,340,7
4854MP.cha,long,201,7
4854MP.cha,preverbal,201,7
4854MP.cha,TD,201,7
5303CW.cha,long,169,7
5303CW.cha,preverbal,169,7
5303CW.cha,TD,169,7
5585ME.cha,long,145,7
5585ME.cha,preverbal,145,7
5585ME.cha,TD,145,7
5977QJ.cha,long,147,7
5977QJ.cha,preverbal,147,7
5977QJ.cha,TD,147,7
4767JC.cha,long,256,7
4767JC.cha,preverbal,256,7
4767JC.cha,TD,256,7
6071WB.cha,long,178,7
6071WB.cha,preverbal,178,7
6071WB.cha,TD,178,7
6757JC.cha,long,235,7
6757JC.cha,preverbal,235,7
6757JC.cha,TD,235,7
5623AT.cha,long,134,7
5623AT.cha,preverbal,134,7
5623AT.cha,TD,134,7
5630WS.cha,long,163,7
5630WS.cha,preverbal,163,7
5630WS.cha,TD,163,7
6206MP.cha,long,156,7
6206MP.cha,preverbal,156,7
6206MP.cha,TD,156,7
5936SR.cha,long,106,7
5936SR.cha,preverbal,106,7
5936SR.cha,TD,106,7
6825MT.cha,long,226,7
6825MT.cha,preverbal,226,7
6825MT.cha,TD,226,7
4708IB.cha,long,246,7
4708IB.cha,preverbal,246,7
4708IB.cha,TD,246,7
7162MB.cha,long,203,7
7162MB.cha,preverbal,203,7
7162MB.cha,TD,203,7
7814NB.cha,long,126,7
7814NB.cha,preverbal,126,7
7814NB.cha,TD,126,7
7300AP.cha,long,139,7
7300AP.cha,preverbal,139,7
7300AP.cha,TD,139,7
7099EH.cha,long,449,11
7099EH.cha,preverbal,449,11
7099EH.cha,TD,449,11
5039MB.cha,long,146,11
5039MB.cha,preverbal,146,11
5039MB.cha,TD,146,11
5573IH.cha,long,105,11
5573IH.cha,preverbal,105,11
5573IH.cha,TD,105,11
4858CM.cha,long,126,11
4858CM.cha,preverbal,126,11
4858CM.cha,TD,126,11
5193HB.cha,long,104,11
5193HB.cha,preverbal,104,11
5193HB.cha,TD,104,11
7236FB.cha,long,73,11
7236FB.cha,preverbal,73,11
7236FB.cha,TD,73,11
4629AB.cha,long,153,11
4629AB.cha,preverbal,153,11
4629AB.cha,TD,153,11
4452CM.cha,long,138,11
4452CM.cha,preverbal,138,11
4452CM.cha,TD,138,11
5111CG.cha,long,265,11
5111CG.cha,preverbal,265,11
5111CG.cha,TD,265,11
6337NK.cha,long,113,11
6337NK.cha,preverbal,113,11
6337NK.cha,TD,113,11
4825GG.cha,long,206,11
4825GG.cha,preverbal,206,11
4825GG.cha,TD,206,11
5118PM.cha,long,160,11
5118PM.cha,preverbal,160,11
5118PM.cha,TD,160,11
5571FW.cha,long,155,11
5571FW.cha,preverbal,155,11
5571FW.cha,TD,155,11
6815KG.cha,long,116,11
6815KG.cha,preverbal,116,11
6815KG.cha,TD,116,11
5443AO.cha,long,137,11
5443AO.cha,preverbal,137,11
5443AO.cha,TD,137,11
4731SA.cha,long,296,11
4731SA.cha,preverbal,296,11
4731SA.cha,TD,296,11
5440JJ.cha,long,65,11
5440JJ.cha,preverbal,65,11
5440JJ.cha,TD,65,11
5196AVI.cha,long,214,11
5196AVI.cha,preverbal,214,11
5196AVI.cha,TD,214,11
5923MW.cha,long,41,11
5923MW.cha,preverbal,41,11
5923MW.cha,TD,41,11
5694MC.cha,long,53,11
5694MC.cha,preverbal,53,11
5694MC.cha,TD,53,11
5346GG.cha,long,92,11
5346GG.cha,preverbal,92,11
5346GG.cha,TD,92,11
5543EF.cha,long,133,11
5543EF.cha,preverbal,133,11
5543EF.cha,TD,133,11
5244SE.cha,long,232,11
5244SE.cha,preverbal,232,11
5244SE.cha,TD,232,11
4802JP.cha,long,78,11
4802JP.cha,preverbal,78,11
4802JP.cha,TD,78,11
5563DB.cha,long,87,11
5563DB.cha,preverbal,87,11
5563DB.cha,TD,87,11
5878SC.cha,long,127,11
5878SC.cha,preverbal,127,11
5878SC.cha,TD,127,11
5244RE.cha,long,249,11
5244RE.cha,preverbal,249,11
5244RE.cha,TD,249,11
4929MM.cha,long,132,11
4929MM.cha,preverbal,132,11
4929MM.cha,TD,132,11
5837JK.cha,long,75,11
5837JK.cha,preverbal,75,11
5837JK.cha,TD,75,11
5224EZS.cha,long,136,11
5224EZS.cha,preverbal,136,11
5224EZS.cha,TD,136,11
4903LS.cha,long,190,11
4903LS.cha,preverbal,190,11
4903LS.cha,TD,190,11
4641CC.cha,long,94,11
4641CC.cha,preverbal,94,11
4641CC.cha,TD,94,11
4866AC.cha,long,341,11
4866AC.cha,preverbal,341,11
4866AC.cha,TD,341,11
5928RL.cha,long,250,11
5928RL.cha,preverbal,250,11
5928RL.cha,TD,250,11
4814BS.cha,long,100,11
4814BS.cha,preverbal,100,11
4814BS.cha,TD,100,11
4619WZ.cha,long,114,11
4619WZ.cha,preverbal,114,11
4619WZ.cha,TD,114,11
5707RT.cha,long,120,11
5707RT.cha,preverbal,120,11
5707RT.cha,TD,120,11
5965PC.cha,long,169,11
5965PC.cha,preverbal,169,11
5965PC.cha,TD,169,11
4269LP.cha,long,119,11
4269LP.cha,preverbal,119,11
4269LP.cha,TD,119,11
4734ES.cha,long,65,11
4734ES.cha,preverbal,65,11
4734ES.cha,TD,65,11
5057MS.cha,long,153,11
5057MS.cha,preverbal,153,11
5057MS.cha,TD,153,11
6826LD.cha,long,69,11
6826LD.cha,preverbal,69,11
6826LD.cha,TD,69,11
5266EC.cha,long,122,11
5266EC.cha,preverbal,122,11
5266EC.cha,TD,122,11
5474ES.cha,long,319,11
5474ES.cha,preverbal,319,11
5474ES.cha,TD,319,11
5609DW.cha,long,112,11
5609DW.cha,preverbal,112,11
5609DW.cha,TD,112,11
6314AK.cha,long,209,11
6314AK.cha,preverbal,209,11
6314AK.cha,TD,209,11
5540LD.cha,long,54,11
5540LD.cha,preverbal,54,11
5540LD.cha,TD,54,11
4697JK.cha,long,295,11
4697JK.cha,preverbal,295,11
4697JK.cha,TD,295,11
5661AP.cha,long,62,11
5661AP.cha,preverbal,62,11
5661AP.cha,TD,62,11
5794ES.cha,long,270,11
5794ES.cha,preverbal,270,11
5794ES.cha,TD,270,11
5820CP.cha,long,120,11
5820CP.cha,preverbal,120,11
5820CP.cha,TD,120,11
6598JM.cha,long,108,11
6598JM.cha,preverbal,108,11
6598JM.cha,TD,108,11
5449NG.cha,long,141,11
5449NG.cha,preverbal,141,11
5449NG.cha,TD,141,11
5561AC.cha,long,129,11
5561AC.cha,preverbal,129,11
5561AC.cha,TD,129,11
5977QJ.cha,long,126,11
5977QJ.cha,preverbal,126,11
5977QJ.cha,TD,126,11
4767JC.cha,long,104,11
4767JC.cha,preverbal,104,11
4767JC.cha,TD,104,11
6757JC.cha,long,157,11
6757JC.cha,preverbal,157,11
6757JC.cha,TD,157,11
6825MT.cha,long,187,11
6825MT.cha,preverbal,187,11
6825MT.cha,TD,187,11
4708IB.cha,long,187,11
4708IB.cha,preverbal,187,11
4708IB.cha,TD,187,11
5039MB.cha,long,111,10
5039MB.cha,preverbal,111,10
5039MB.cha,TD,111,10
4801RB.cha,long,134,10
4801RB.cha,preverbal,134,10
4801RB.cha,TD,134,10
4664AM.cha,long,85,10
4664AM.cha,preverbal,85,10
4664AM.cha,TD,85,10
4650KS.cha,long,38,10
4650KS.cha,preverbal,38,10
4650KS.cha,TD,38,10
4858CM.cha,long,69,10
4858CM.cha,preverbal,69,10
4858CM.cha,TD,69,10
6878SK.cha,long,173,10
6878SK.cha,preverbal,173,10
6878SK.cha,TD,173,10
7660HK.cha,long,66,10
7660HK.cha,preverbal,66,10
7660HK.cha,TD,66,10
4946RC.cha,long,172,10
4946RC.cha,preverbal,172,10
4946RC.cha,TD,172,10
4452CM.cha,long,166,10
4452CM.cha,preverbal,166,10
4452CM.cha,TD,166,10
5111CG.cha,long,143,10
5111CG.cha,preverbal,143,10
5111CG.cha,TD,143,10
4825GG.cha,long,211,10
4825GG.cha,preverbal,211,10
4825GG.cha,TD,211,10
6815KG.cha,long,234,10
6815KG.cha,preverbal,234,10
6815KG.cha,TD,234,10
4731SA.cha,long,166,10
4731SA.cha,preverbal,166,10
4731SA.cha,TD,166,10
5440JJ.cha,long,96,10
5440JJ.cha,preverbal,96,10
5440JJ.cha,TD,96,10
5923MW.cha,long,149,10
5923MW.cha,preverbal,149,10
5923MW.cha,TD,149,10
5859ME.cha,long,75,10
5859ME.cha,preverbal,75,10
5859ME.cha,TD,75,10
6043AM.cha,long,152,10
6043AM.cha,preverbal,152,10
6043AM.cha,TD,152,10
4929MM.cha,long,119,10
4929MM.cha,preverbal,119,10
4929MM.cha,TD,119,10
4997LM.cha,long,99,10
4997LM.cha,preverbal,99,10
4997LM.cha,TD,99,10
6630TM.cha,long,273,10
6630TM.cha,preverbal,273,10
6630TM.cha,TD,273,10
4641CC.cha,long,167,10
4641CC.cha,preverbal,167,10
4641CC.cha,TD,167,10
6453HS.cha,long,180,10
6453HS.cha,preverbal,180,10
6453HS.cha,TD,180,10
4619WZ.cha,long,53,10
4619WZ.cha,preverbal,53,10
4619WZ.cha,TD,53,10
4734ES.cha,long,165,10
4734ES.cha,preverbal,165,10
4734ES.cha,TD,165,10
5057MS.cha,long,203,10
5057MS.cha,preverbal,203,10
5057MS.cha,TD,203,10
6826LD.cha,long,117,10
6826LD.cha,preverbal,117,10
6826LD.cha,TD,117,10
6314AK.cha,long,196,10
6314AK.cha,preverbal,196,10
6314AK.cha,TD,196,10
5540LD.cha,long,88,10
5540LD.cha,preverbal,88,10
5540LD.cha,TD,88,10
7061AS.cha,long,114,10
7061AS.cha,preverbal,114,10
7061AS.cha,TD,114,10
7099EH.cha,long,137,10
7099EH.cha,preverbal,137,10
7099EH.cha,TD,137,10
5794ES.cha,long,136,10
5794ES.cha,preverbal,136,10
5794ES.cha,TD,136,10
5550VS.cha,long,106,10
5550VS.cha,preverbal,106,10
5550VS.cha,TD,106,10
5013LA.cha,long,153,10
5013LA.cha,preverbal,153,10
5013LA.cha,TD,153,10
6598JM.cha,long,179,10
6598JM.cha,preverbal,179,10
6598JM.cha,TD,179,10
5561AC.cha,long,92,10
5561AC.cha,preverbal,92,10
5561AC.cha,TD,92,10
5977QJ.cha,long,228,10
5977QJ.cha,preverbal,228,10
5977QJ.cha,TD,228,10
4767JC.cha,long,79,10
4767JC.cha,preverbal,79,10
4767JC.cha,TD,79,10
6825MT.cha,long,141,10
6825MT.cha,preverbal,141,10
6825MT.cha,TD,141,10
4708IB.cha,long,212,10
4708IB.cha,preverbal,212,10
4708IB.cha,TD,212,10
7162MB.cha,long,94,10
7162MB.cha,preverbal,94,10
7162MB.cha,TD,94,10
5039MB.cha,long,55,7
5039MB.cha,preverbal,55,7
5039MB.cha,TD,55,7
4664AM.cha,long,79,7
4664AM.cha,preverbal,79,7
4664AM.cha,TD,79,7
5365DL.cha,long,90,7
5365DL.cha,preverbal,90,7
5365DL.cha,TD,90,7
4858CM.cha,long,156,7
4858CM.cha,preverbal,156,7
4858CM.cha,TD,156,7
5837AK.cha,long,38,7
5837AK.cha,preverbal,38,7
5837AK.cha,TD,38,7
6878SK.cha,long,329,7
6878SK.cha,preverbal,329,7
6878SK.cha,TD,329,7
4629AB.cha,long,150,7
4629AB.cha,preverbal,150,7
4629AB.cha,TD,150,7
4946RC.cha,long,88,7
4946RC.cha,preverbal,88,7
4946RC.cha,TD,88,7
4825GG.cha,long,73,7
4825GG.cha,preverbal,73,7
4825GG.cha,TD,73,7
5571FW.cha,long,109,7
5571FW.cha,preverbal,109,7
5571FW.cha,TD,109,7
6815KG.cha,long,220,7
6815KG.cha,preverbal,220,7
6815KG.cha,TD,220,7
5443AO.cha,long,234,7
5443AO.cha,preverbal,234,7
5443AO.cha,TD,234,7
4731SA.cha,long,75,7
4731SA.cha,preverbal,75,7
4731SA.cha,TD,75,7
5440JJ.cha,long,32,7
5440JJ.cha,preverbal,32,7
5440JJ.cha,TD,32,7
5923MW.cha,long,158,7
5923MW.cha,preverbal,158,7
5923MW.cha,TD,158,7
5694MC.cha,long,149,7
5694MC.cha,preverbal,149,7
5694MC.cha,TD,149,7
5543EF.cha,long,135,7
5543EF.cha,preverbal,135,7
5543EF.cha,TD,135,7
5859ME.cha,long,153,7
5859ME.cha,preverbal,153,7
5859ME.cha,TD,153,7
5903AE.cha,long,222,7
5903AE.cha,preverbal,222,7
5903AE.cha,TD,222,7
6043AM.cha,long,198,7
6043AM.cha,preverbal,198,7
6043AM.cha,TD,198,7
5878SC.cha,long,178,7
5878SC.cha,preverbal,178,7
5878SC.cha,TD,178,7
5777FC.cha,long,100,7
5777FC.cha,preverbal,100,7
5777FC.cha,TD,100,7
5244RE.cha,long,50,7
5244RE.cha,preverbal,50,7
5244RE.cha,TD,50,7
4929MM.cha,long,174,7
4929MM.cha,preverbal,174,7
4929MM.cha,TD,174,7
4724LM.cha,long,192,7
4724LM.cha,preverbal,192,7
4724LM.cha,TD,192,7
4903LS.cha,long,50,7
4903LS.cha,preverbal,50,7
4903LS.cha,TD,50,7
4641CC.cha,long,74,7
4641CC.cha,preverbal,74,7
4641CC.cha,TD,74,7
4866AC.cha,long,157,7
4866AC.cha,preverbal,157,7
4866AC.cha,TD,157,7
5928RL.cha,long,153,7
5928RL.cha,preverbal,153,7
5928RL.cha,TD,153,7
4814BS.cha,long,73,7
4814BS.cha,preverbal,73,7
4814BS.cha,TD,73,7
5949DL.cha,long,142,7
5949DL.cha,preverbal,142,7
5949DL.cha,TD,142,7
4619WZ.cha,long,74,7
4619WZ.cha,preverbal,74,7
4619WZ.cha,TD,74,7
5929LD.cha,long,160,7
5929LD.cha,preverbal,160,7
5929LD.cha,TD,160,7
5965PC.cha,long,61,7
5965PC.cha,preverbal,61,7
5965PC.cha,TD,61,7
4734ES.cha,long,154,7
4734ES.cha,preverbal,154,7
4734ES.cha,TD,154,7
5057MS.cha,long,80,7
5057MS.cha,preverbal,80,7
5057MS.cha,TD,80,7
6826LD.cha,long,72,7
6826LD.cha,preverbal,72,7
6826LD.cha,TD,72,7
5266EC.cha,long,107,7
5266EC.cha,preverbal,107,7
5266EC.cha,TD,107,7
5474ES.cha,long,189,7
5474ES.cha,preverbal,189,7
5474ES.cha,TD,189,7
5609DW.cha,long,155,7
5609DW.cha,preverbal,155,7
5609DW.cha,TD,155,7
7013VD.cha,long,119,7
7013VD.cha,preverbal,119,7
7013VD.cha,TD,119,7
5540LD.cha,long,108,7
5540LD.cha,preverbal,108,7
5540LD.cha,TD,108,7
5820CP.cha,long,125,7
5820CP.cha,preverbal,125,7
5820CP.cha,TD,125,7
5449NG.cha,long,137,7
5449NG.cha,preverbal,137,7
5449NG.cha,TD,137,7
6510LC.cha,long,72,7
6510LC.cha,preverbal,72,7
6510LC.cha,TD,72,7
5977QJ.cha,long,228,7
5977QJ.cha,preverbal,228,7
5977QJ.cha,TD,228,7
4767JC.cha,long,136,7
4767JC.cha,preverbal,136,7
4767JC.cha,TD,136,7
6757JC.cha,long,76,7
6757JC.cha,preverbal,76,7
6757JC.cha,TD,76,7
4708IB.cha,long,167,7
4708IB.cha,preverbal,167,7
4708IB.cha,TD,167,7
001126.cha,long,1026,11
001126.cha,toyplay,1026,11
001126.cha,TD,1026,11
001104.cha,long,609,11
001104.cha,toyplay,609,11
001104.cha,TD,609,11
001121.cha,long,951,11
001121.cha,toyplay,951,11
001121.cha,TD,951,11
nh12f-alma.cha,cross,310,11
nh12f-alma.cha,toyplay,310,11
nh12f-alma.cha,TD,310,11
nh12f-laliita.cha,cross,472,11
nh12f-laliita.cha,toyplay,472,11
nh12f-laliita.cha,TD,472,11
nh12f-kama.cha,cross,269,11
nh12f-kama.cha,toyplay,269,11
nh12f-kama.cha,TD,269,11
may02.cha,long,255,11
may02.cha,toyplay,255,11
may02.cha,TD,255,11
may01.cha,long,574,11
may01.cha,toyplay,574,11
may01.cha,TD,574,11
001029.cha,long,1,10
001029.cha,toyplay,1,10
001029.cha,TD,1,10
000928.cha,long,1,9
000928.cha,toyplay,1,9
000928.cha,TD,1,9
000805.cha,long,1,8
000805.cha,toyplay,1,8
000805.cha,TD,1,8
001029b.cha,long,1,10
001029b.cha,toyplay,1,10
001029b.cha,TD,1,10
000908.cha,long,1,9
000908.cha,toyplay,1,9
000908.cha,TD,1,9
001000.cha,long,13,10
001000.cha,toyplay,13,10
001000.cha,TD,13,10
jeremy0903.cha,long,463,9
jeremy0903.cha,toyplay,463,9
jeremy0903.cha,TD,463,9
sophia0903.cha,long,272,9
sophia0903.cha,toyplay,272,9
sophia0903.cha,TD,272,9
maggie0903.cha,long,221,9
maggie0903.cha,toyplay,221,9
maggie0903.cha,TD,221,9
lena0903.cha,long,174,9
lena0903.cha,toyplay,174,9
lena0903.cha,TD,174,9
colin0903.cha,long,159,9
colin0903.cha,toyplay,159,9
colin0903.cha,TD,159,9
joanna0905.cha,long,80,9
joanna0905.cha,toyplay,80,9
joanna0905.cha,TD,80,9
joanna0911.cha,long,21,9
joanna0911.cha,toyplay,21,9
joanna0911.cha,TD,21,9
joanna0910.cha,long,73,9
joanna0910.cha,toyplay,73,9
joanna0910.cha,TD,73,9
joanna0904.cha,long,63,9
joanna0904.cha,toyplay,63,9
joanna0904.cha,TD,63,9
colin0902.cha,long,174,9
colin0902.cha,toyplay,174,9
colin0902.cha,TD,174,9
lena0902.cha,long,253,9
lena0902.cha,toyplay,253,9
lena0902.cha,TD,253,9
sophia0902.cha,long,104,9
sophia0902.cha,toyplay,104,9
sophia0902.cha,TD,104,9
michael0908.cha,long,324,9
michael0908.cha,toyplay,324,9
michael0908.cha,TD,324,9
tess0909.cha,long,136,9
tess0909.cha,toyplay,136,9
tess0909.cha,TD,136,9
joanna0912.cha,long,70,9
joanna0912.cha,toyplay,70,9
joanna0912.cha,TD,70,9
maggie0901.cha,long,359,9
maggie0901.cha,toyplay,359,9
maggie0901.cha,TD,359,9
brandon0903.cha,long,217,9
brandon0903.cha,toyplay,217,9
brandon0903.cha,TD,217,9
zoe0908.cha,long,276,9
zoe0908.cha,toyplay,276,9
zoe0908.cha,TD,276,9
toby0911.cha,long,256,9
toby0911.cha,toyplay,256,9
toby0911.cha,TD,256,9
jeremy0905.cha,long,163,9
jeremy0905.cha,toyplay,163,9
jeremy0905.cha,TD,163,9
lena0905.cha,long,144,9
lena0905.cha,toyplay,144,9
lena0905.cha,TD,144,9
maggie0905.cha,long,343,9
maggie0905.cha,toyplay,343,9
maggie0905.cha,TD,343,9
colin0905.cha,long,84,9
colin0905.cha,toyplay,84,9
colin0905.cha,TD,84,9
joanna0903.cha,long,64,9
joanna0903.cha,toyplay,64,9
joanna0903.cha,TD,64,9
joanna0902.cha,long,64,9
joanna0902.cha,toyplay,64,9
joanna0902.cha,TD,64,9
colin0904.cha,long,308,9
colin0904.cha,toyplay,308,9
colin0904.cha,TD,308,9
maggie0904.cha,long,325,9
maggie0904.cha,toyplay,325,9
maggie0904.cha,TD,325,9
lena0904.cha,long,56,9
lena0904.cha,toyplay,56,9
lena0904.cha,TD,56,9
sophia0904.cha,long,426,9
sophia0904.cha,toyplay,426,9
sophia0904.cha,TD,426,9
jeremy0904.cha,long,299,9
jeremy0904.cha,toyplay,299,9
jeremy0904.cha,TD,299,9
toby0906.cha,long,267,9
toby0906.cha,toyplay,267,9
toby0906.cha,TD,267,9
toby0912.cha,long,195,9
toby0912.cha,toyplay,195,9
toby0912.cha,TD,195,9
brandon0904.cha,long,148,9
brandon0904.cha,toyplay,148,9
brandon0904.cha,TD,148,9
lena0906.cha,long,130,9
lena0906.cha,toyplay,130,9
lena0906.cha,TD,130,9
colin0906.cha,long,314,9
colin0906.cha,toyplay,314,9
colin0906.cha,TD,314,9
brandon0905.cha,long,336,9
brandon0905.cha,toyplay,336,9
brandon0905.cha,TD,336,9
toby0913.cha,long,307,9
toby0913.cha,toyplay,307,9
toby0913.cha,TD,307,9
ivan0904.cha,long,242,9
ivan0904.cha,toyplay,242,9
ivan0904.cha,TD,242,9
jaden0904.cha,long,72,9
jaden0904.cha,toyplay,72,9
jaden0904.cha,TD,72,9
jennifer0906.cha,long,110,9
jennifer0906.cha,toyplay,110,9
jennifer0906.cha,TD,110,9
alistair0903.cha,long,264,9
alistair0903.cha,toyplay,264,9
alistair0903.cha,TD,264,9
hugo0901.cha,long,330,9
hugo0901.cha,toyplay,330,9
hugo0901.cha,TD,330,9
luca0909.cha,long,131,9
luca0909.cha,toyplay,131,9
luca0909.cha,TD,131,9
archie0907.cha,long,350,9
archie0907.cha,toyplay,350,9
archie0907.cha,TD,350,9
jaden0907.cha,long,83,9
jaden0907.cha,toyplay,83,9
jaden0907.cha,TD,83,9
mary0903.cha,long,54,9
mary0903.cha,toyplay,54,9
mary0903.cha,TD,54,9
archie0905.cha,long,367,9
archie0905.cha,toyplay,367,9
archie0905.cha,TD,367,9
daisy0906.cha,long,57,9
daisy0906.cha,toyplay,57,9
daisy0906.cha,TD,57,9
jennifer0905.cha,long,357,9
jennifer0905.cha,toyplay,357,9
jennifer0905.cha,TD,357,9
alistair0901.cha,long,407,8
alistair0901.cha,toyplay,407,8
alistair0901.cha,TD,407,8
jennifer0904.cha,long,198,9
jennifer0904.cha,toyplay,198,9
jennifer0904.cha,TD,198,9
daisy0907.cha,long,287,9
daisy0907.cha,toyplay,287,9
daisy0907.cha,TD,287,9
ivan0906.cha,long,311,9
ivan0906.cha,toyplay,311,9
ivan0906.cha,TD,311,9
jaden0902.cha,long,30,9
jaden0902.cha,toyplay,30,9
jaden0902.cha,TD,30,9
adam0915.cha,long,164,9
adam0915.cha,toyplay,164,9
adam0915.cha,TD,164,9
adam0901.cha,long,36,9
adam0901.cha,toyplay,36,9
adam0901.cha,TD,36,9
ivan0902.cha,long,228,9
ivan0902.cha,toyplay,228,9
ivan0902.cha,TD,228,9
daisy0903.cha,long,213,9
daisy0903.cha,toyplay,213,9
daisy0903.cha,TD,213,9
john0901.cha,long,361,9
john0901.cha,toyplay,361,9
john0901.cha,TD,361,9
hugo0906.cha,long,123,9
hugo0906.cha,toyplay,123,9
hugo0906.cha,TD,123,9
alistair0904.cha,long,65,9
alistair0904.cha,toyplay,65,9
alistair0904.cha,TD,65,9
alistair0905.cha,long,269,9
alistair0905.cha,toyplay,269,9
alistair0905.cha,TD,269,9
jennifer0901.cha,long,152,9
jennifer0901.cha,toyplay,152,9
jennifer0901.cha,TD,152,9
angel0911.cha,long,156,9
angel0911.cha,toyplay,156,9
angel0911.cha,TD,156,9
daisy0902.cha,long,75,9
daisy0902.cha,toyplay,75,9
daisy0902.cha,TD,75,9
archie0901.cha,long,249,9
archie0901.cha,toyplay,249,9
archie0901.cha,TD,249,9
mary0907.cha,long,277,9
mary0907.cha,toyplay,277,9
mary0907.cha,TD,277,9
ivan0903.cha,long,467,9
ivan0903.cha,toyplay,467,9
ivan0903.cha,TD,467,9
adam0928.cha,long,150,9
adam0928.cha,toyplay,150,9
adam0928.cha,TD,150,9
jaden0901.cha,long,107,9
jaden0901.cha,toyplay,107,9
jaden0901.cha,TD,107,9
adam0902.cha,long,29,9
adam0902.cha,toyplay,29,9
adam0902.cha,TD,29,9
adam0916.cha,long,50,9
adam0916.cha,toyplay,50,9
adam0916.cha,TD,50,9
archie0903.cha,long,279,9
archie0903.cha,toyplay,279,9
archie0903.cha,TD,279,9
hannah0908.cha,long,195,9
hannah0908.cha,toyplay,195,9
hannah0908.cha,TD,195,9
angel0907.cha,long,122,9
angel0907.cha,toyplay,122,9
angel0907.cha,TD,122,9
john0902.cha,long,599,9
john0902.cha,toyplay,599,9
john0902.cha,TD,599,9
hugo0905.cha,long,312,9
hugo0905.cha,toyplay,312,9
hugo0905.cha,TD,312,9
hugo0904.cha,long,216,9
hugo0904.cha,toyplay,216,9
hugo0904.cha,TD,216,9
john0903.cha,long,376,9
john0903.cha,toyplay,376,9
john0903.cha,TD,376,9
jennifer0902.cha,long,125,9
jennifer0902.cha,toyplay,125,9
jennifer0902.cha,TD,125,9
angel0906.cha,long,271,9
angel0906.cha,toyplay,271,9
angel0906.cha,TD,271,9
daisy0901.cha,long,123,9
daisy0901.cha,toyplay,123,9
daisy0901.cha,TD,123,9
hannah0909.cha,long,163,9
hannah0909.cha,toyplay,163,9
hannah0909.cha,TD,163,9
mary0904.cha,long,243,9
mary0904.cha,toyplay,243,9
mary0904.cha,TD,243,9
adam0917.cha,long,51,9
adam0917.cha,toyplay,51,9
adam0917.cha,TD,51,9
adam0903.cha,long,34,9
adam0903.cha,toyplay,34,9
adam0903.cha,TD,34,9
adam0932.cha,long,153,9
adam0932.cha,toyplay,153,9
adam0932.cha,TD,153,9
clarice0901.cha,long,488,9
clarice0901.cha,toyplay,488,9
clarice0901.cha,TD,488,9
dexter0905.cha,long,388,9
dexter0905.cha,toyplay,388,9
dexter0905.cha,TD,388,9
bella0907.cha,long,131,9
bella0907.cha,toyplay,131,9
bella0907.cha,TD,131,9
luca0901.cha,long,339,9
luca0901.cha,toyplay,339,9
luca0901.cha,TD,339,9
amy0906.cha,long,431,9
amy0906.cha,toyplay,431,9
amy0906.cha,TD,431,9
rhona0903.cha,long,262,9
rhona0903.cha,toyplay,262,9
rhona0903.cha,TD,262,9
cowen0905.cha,long,216,9
cowen0905.cha,toyplay,216,9
cowen0905.cha,TD,216,9
daniel0902.cha,long,209,9
daniel0902.cha,toyplay,209,9
daniel0902.cha,TD,209,9
martin0901.cha,long,331,9
martin0901.cha,toyplay,331,9
martin0901.cha,TD,331,9
hakeem0903.cha,long,40,9
hakeem0903.cha,toyplay,40,9
hakeem0903.cha,TD,40,9
rhona0902.cha,long,289,9
rhona0902.cha,toyplay,289,9
rhona0902.cha,TD,289,9
alice0905.cha,long,167,9
alice0905.cha,toyplay,167,9
alice0905.cha,TD,167,9
ella0902.cha,long,338,9
ella0902.cha,toyplay,338,9
ella0902.cha,TD,338,9
adam0933.cha,long,49,9
adam0933.cha,toyplay,49,9
adam0933.cha,TD,49,9
harry0903.cha,long,282,9
harry0903.cha,toyplay,282,9
harry0903.cha,TD,282,9
leon0904.cha,long,231,9
leon0904.cha,toyplay,231,9
leon0904.cha,TD,231,9
bella0904.cha,long,44,9
bella0904.cha,toyplay,44,9
bella0904.cha,TD,44,9
angel0908.cha,long,65,9
angel0908.cha,toyplay,65,9
angel0908.cha,TD,65,9
hakeem0901.cha,long,244,9
hakeem0901.cha,toyplay,244,9
hakeem0901.cha,TD,244,9
daniel0901.cha,long,152,9
daniel0901.cha,toyplay,152,9
daniel0901.cha,TD,152,9
martin0903.cha,long,19,9
martin0903.cha,toyplay,19,9
martin0903.cha,TD,19,9
martin0902.cha,long,41,0
martin0902.cha,toyplay,41,0
martin0902.cha,TD,41,0
rhona0901.cha,long,235,9
rhona0901.cha,toyplay,235,9
rhona0901.cha,TD,235,9
amy0904.cha,long,375,9
amy0904.cha,toyplay,375,9
amy0904.cha,TD,375,9
cowen0907.cha,long,208,9
cowen0907.cha,toyplay,208,9
cowen0907.cha,TD,208,9
angel0909.cha,long,149,9
angel0909.cha,toyplay,149,9
angel0909.cha,TD,149,9
luca0903.cha,long,207,9
luca0903.cha,toyplay,207,9
luca0903.cha,TD,207,9
bella0905.cha,long,183,9
bella0905.cha,toyplay,183,9
bella0905.cha,TD,183,9
leon0905.cha,long,85,9
leon0905.cha,toyplay,85,9
leon0905.cha,TD,85,9
clarice0903.cha,long,313,9
clarice0903.cha,toyplay,313,9
clarice0903.cha,TD,313,9
harry0902.cha,long,330,9
harry0902.cha,toyplay,330,9
harry0902.cha,TD,330,9
alice0906.cha,long,164,9
alice0906.cha,toyplay,164,9
alice0906.cha,TD,164,9
ella0901.cha,long,284,9
ella0901.cha,toyplay,284,9
ella0901.cha,TD,284,9
ella0905.cha,long,319,9
ella0905.cha,toyplay,319,9
ella0905.cha,TD,319,9
leon0901.cha,long,76,9
leon0901.cha,toyplay,76,9
leon0901.cha,TD,76,9
alice0902.cha,long,216,9
alice0902.cha,toyplay,216,9
alice0902.cha,TD,216,9
dexter0903.cha,long,191,9
dexter0903.cha,toyplay,191,9
dexter0903.cha,TD,191,9
hannah0902.cha,long,76,9
hannah0902.cha,toyplay,76,9
hannah0902.cha,TD,76,9
daniel0904.cha,long,132,9
daniel0904.cha,toyplay,132,9
daniel0904.cha,TD,132,9
martin0906.cha,long,303,9
martin0906.cha,toyplay,303,9
martin0906.cha,TD,303,9
hakeem0904.cha,long,418,9
hakeem0904.cha,toyplay,418,9
hakeem0904.cha,TD,418,9
cowen0903.cha,long,177,9
cowen0903.cha,toyplay,177,9
cowen0903.cha,TD,177,9
amy0901.cha,long,378,9
amy0901.cha,toyplay,378,9
amy0901.cha,TD,378,9
rhona0904.cha,long,101,9
rhona0904.cha,toyplay,101,9
rhona0904.cha,TD,101,9
cowen0902.cha,long,144,9
cowen0902.cha,toyplay,144,9
cowen0902.cha,TD,144,9
luca0906.cha,long,184,9
luca0906.cha,toyplay,184,9
luca0906.cha,TD,184,9
hannah0903.cha,long,232,9
hannah0903.cha,toyplay,232,9
hannah0903.cha,TD,232,9
dexter0902.cha,long,297,9
dexter0902.cha,toyplay,297,9
dexter0902.cha,TD,297,9
alice0903.cha,long,256,9
alice0903.cha,toyplay,256,9
alice0903.cha,TD,256,9
adam0923.cha,long,50,9
adam0923.cha,toyplay,50,9
adam0923.cha,TD,50,9
ella0906.cha,long,162,9
ella0906.cha,toyplay,162,9
ella0906.cha,TD,162,9
jaden0908.cha,long,263,9
jaden0908.cha,toyplay,263,9
jaden0908.cha,TD,263,9
clarice0904.cha,long,640,9
clarice0904.cha,toyplay,640,9
clarice0904.cha,TD,640,9
leon0902.cha,long,232,9
leon0902.cha,toyplay,232,9
leon0902.cha,TD,232,9
harry0905.cha,long,100,9
harry0905.cha,toyplay,100,9
harry0905.cha,TD,100,9
hannah0901.cha,long,318,9
hannah0901.cha,toyplay,318,9
hannah0901.cha,TD,318,9
bella0902.cha,long,93,9
bella0902.cha,toyplay,93,9
bella0902.cha,TD,93,9
daniel0906.cha,long,318,9
daniel0906.cha,toyplay,318,9
daniel0906.cha,TD,318,9
martin0904.cha,long,259,9
martin0904.cha,toyplay,259,9
martin0904.cha,TD,259,9
luca0905.cha,long,60,9
luca0905.cha,toyplay,60,9
luca0905.cha,TD,60,9
bella0903.cha,long,218,9
bella0903.cha,toyplay,218,9
bella0903.cha,TD,218,9
leon0903.cha,long,237,9
leon0903.cha,toyplay,237,9
leon0903.cha,TD,237,9
jaden0909.cha,long,152,9
jaden0909.cha,toyplay,152,9
jaden0909.cha,TD,152,9
harvey0904.cha,long,462,9
harvey0904.cha,toyplay,462,9
harvey0904.cha,TD,462,9
zoe0903.cha,long,281,9
zoe0903.cha,toyplay,281,9
zoe0903.cha,TD,281,9
eve0904.cha,long,18,9
eve0904.cha,toyplay,18,9
eve0904.cha,TD,18,9
geoff0902.cha,long,233,9
geoff0902.cha,toyplay,233,9
geoff0902.cha,TD,233,9
mia0904.cha,long,185,9
mia0904.cha,toyplay,185,9
mia0904.cha,TD,185,9
zach0904.cha,long,128,9
zach0904.cha,toyplay,128,9
zach0904.cha,TD,128,9
erin0901.cha,long,563,9
erin0901.cha,toyplay,563,9
erin0901.cha,TD,563,9
mia0905.cha,long,246,9
mia0905.cha,toyplay,246,9
mia0905.cha,TD,246,9
frida0906.cha,long,340,9
frida0906.cha,toyplay,340,9
frida0906.cha,TD,340,9
jason0906.cha,long,222,9
jason0906.cha,toyplay,222,9
jason0906.cha,TD,222,9
geoff0903.cha,long,211,9
geoff0903.cha,toyplay,211,9
geoff0903.cha,TD,211,9
eve0905.cha,long,195,9
eve0905.cha,toyplay,195,9
eve0905.cha,TD,195,9
mabel0901.cha,long,38,9
mabel0901.cha,toyplay,38,9
mabel0901.cha,TD,38,9
zoe0902.cha,long,274,9
zoe0902.cha,toyplay,274,9
zoe0902.cha,TD,274,9
harvey0905.cha,long,214,9
harvey0905.cha,toyplay,214,9
harvey0905.cha,TD,214,9
michael0901.cha,long,349,9
michael0901.cha,toyplay,349,9
michael0901.cha,TD,349,9
mabel0903.cha,long,152,9
mabel0903.cha,toyplay,152,9
mabel0903.cha,TD,152,9
geoff0901.cha,long,205,9
geoff0901.cha,toyplay,205,9
geoff0901.cha,TD,205,9
jason0904.cha,long,192,9
jason0904.cha,toyplay,192,9
jason0904.cha,TD,192,9
frida0904.cha,long,140,9
frida0904.cha,toyplay,140,9
frida0904.cha,TD,140,9
erin0903.cha,long,458,9
erin0903.cha,toyplay,458,9
erin0903.cha,TD,458,9
mia0906.cha,long,131,9
mia0906.cha,toyplay,131,9
mia0906.cha,TD,131,9
mabel0902.cha,long,220,9
mabel0902.cha,toyplay,220,9
mabel0902.cha,TD,220,9
zoe0901.cha,long,281,9
zoe0901.cha,toyplay,281,9
zoe0901.cha,TD,281,9
tess0901.cha,long,212,9
tess0901.cha,toyplay,212,9
tess0901.cha,TD,212,9
tess0905.cha,long,193,9
tess0905.cha,toyplay,193,9
tess0905.cha,TD,193,9
jason0901.cha,long,202,9
jason0901.cha,toyplay,202,9
jason0901.cha,TD,202,9
frida0901.cha,long,312,9
frida0901.cha,toyplay,312,9
frida0901.cha,TD,312,9
ellen0906.cha,long,345,9
ellen0906.cha,toyplay,345,9
ellen0906.cha,TD,345,9
ellen0907.cha,long,221,9
ellen0907.cha,toyplay,221,9
ellen0907.cha,TD,221,9
zach0903.cha,long,376,9
zach0903.cha,toyplay,376,9
zach0903.cha,TD,376,9
mia0903.cha,long,267,9
mia0903.cha,toyplay,267,9
mia0903.cha,TD,267,9
tess0904.cha,long,243,9
tess0904.cha,toyplay,243,9
tess0904.cha,TD,243,9
harvey0901.cha,long,329,9
harvey0901.cha,toyplay,329,9
harvey0901.cha,TD,329,9
michael0905.cha,long,127,9
michael0905.cha,toyplay,127,9
michael0905.cha,TD,127,9
eve0901.cha,long,594,9
eve0901.cha,toyplay,594,9
eve0901.cha,TD,594,9
jason0902.cha,long,217,9
jason0902.cha,toyplay,217,9
jason0902.cha,TD,217,9
frida0902.cha,long,429,9
frida0902.cha,toyplay,429,9
frida0902.cha,TD,429,9
zach0901.cha,long,591,9
zach0901.cha,toyplay,591,9
zach0901.cha,TD,591,9
erin0905.cha,long,357,9
erin0905.cha,toyplay,357,9
erin0905.cha,TD,357,9
joanna0908.cha,long,51,9
joanna0908.cha,toyplay,51,9
joanna0908.cha,TD,51,9
ellen0904.cha,long,220,9
ellen0904.cha,toyplay,220,9
ellen0904.cha,TD,220,9
geoff0906.cha,long,274,9
geoff0906.cha,toyplay,274,9
geoff0906.cha,TD,274,9
michael0904.cha,long,171,9
michael0904.cha,toyplay,171,9
michael0904.cha,TD,171,9
001007.cha,long,653,10
001007.cha,preverbal,653,10
001007.cha,TD,653,10
000828.cha,long,720,8
000828.cha,preverbal,720,8
000828.cha,TD,720,8
001115.cha,long,835,11
001115.cha,preverbal,835,11
001115.cha,TD,835,11
000924.cha,long,840,9
000924.cha,preverbal,840,9
000924.cha,TD,840,9
001024.cha,long,865,10
001024.cha,preverbal,865,10
001024.cha,TD,865,10
001004.cha,long,1196,10
001004.cha,preverbal,1196,10
001004.cha,TD,1196,10
001105.cha,long,908,11
001105.cha,preverbal,908,11
001105.cha,TD,908,11
001124.cha,long,996,11
001124.cha,preverbal,996,11
001124.cha,TD,996,11
000921.cha,long,948,9
000921.cha,preverbal,948,9
000921.cha,TD,948,9
001018.cha,long,1207,10
001018.cha,preverbal,1207,10
001018.cha,TD,1207,10
001112.cha,long,538,11
001112.cha,preverbal,538,11
001112.cha,TD,538,11
000904.cha,long,1090,9
000904.cha,preverbal,1090,9
000904.cha,TD,1090,9
001106.cha,long,773,11
001106.cha,preverbal,773,11
001106.cha,TD,773,11
001120.cha,long,809,11
001120.cha,preverbal,809,11
001120.cha,TD,809,11
001026.cha,long,947,10
001026.cha,preverbal,947,10
001026.cha,TD,947,10
001005.cha,long,299,10
001005.cha,preverbal,299,10
001005.cha,TD,299,10
001106.cha,long,740,11
001106.cha,preverbal,740,11
001106.cha,TD,740,11
000922.cha,long,432,9
000922.cha,preverbal,432,9
000922.cha,TD,432,9
000908.cha,long,347,9
000908.cha,preverbal,347,9
000908.cha,TD,347,9
001010.cha,long,876,10
001010.cha,preverbal,876,10
001010.cha,TD,876,10
000912.cha,long,1102,9
000912.cha,preverbal,1102,9
000912.cha,TD,1102,9
001024.cha,long,756,10
001024.cha,preverbal,756,10
001024.cha,TD,756,10
000914.cha,long,1242,9
000914.cha,preverbal,1242,9
000914.cha,TD,1242,9
000901.cha,long,832,9
000901.cha,preverbal,832,9
000901.cha,TD,832,9
001005.cha,long,877,10
001005.cha,preverbal,877,10
001005.cha,TD,877,10
000930.cha,long,917,9
000930.cha,preverbal,917,9
000930.cha,TD,917,9
000917.cha,long,1163,9
000917.cha,preverbal,1163,9
000917.cha,TD,1163,9
001014.cha,long,504,10
001014.cha,preverbal,504,10
001014.cha,TD,504,10
001129.cha,long,864,11
001129.cha,preverbal,864,11
001129.cha,TD,864,11
001027.cha,long,774,10
001027.cha,preverbal,774,10
001027.cha,TD,774,10
000928.cha,long,481,9
000928.cha,preverbal,481,9
000928.cha,TD,481,9
001107.cha,long,785,11
001107.cha,preverbal,785,11
001107.cha,TD,785,11
001122.cha,long,640,11
001122.cha,preverbal,640,11
001122.cha,TD,640,11
000923.cha,long,789,9
000923.cha,preverbal,789,9
000923.cha,TD,789,9
000902.cha,long,974,9
000902.cha,preverbal,974,9
000902.cha,TD,974,9
001015.cha,long,1078,10
001015.cha,preverbal,1078,10
001015.cha,TD,1078,10
001029.cha,long,903,10
001029.cha,preverbal,903,10
001029.cha,TD,903,10
001113.cha,long,703,11
001113.cha,preverbal,703,11
001113.cha,TD,703,11
001126.cha,long,895,11
001126.cha,preverbal,895,11
001126.cha,TD,895,11
000919.cha,long,859,9
000919.cha,preverbal,859,9
000919.cha,TD,859,9
001028.cha,long,722,10
001028.cha,preverbal,722,10
001028.cha,TD,722,10
001000.cha,long,662,10
001000.cha,preverbal,662,10
001000.cha,TD,662,10
001112.cha,long,666,11
001112.cha,preverbal,666,11
001112.cha,TD,666,11
001125.cha,long,452,11
001125.cha,preverbal,452,11
001125.cha,TD,452,11
001013.cha,long,237,10
001013.cha,preverbal,237,10
001013.cha,TD,237,10
001027.cha,long,329,10
001027.cha,preverbal,329,10
001027.cha,TD,329,10
001003.cha,long,718,10
001003.cha,preverbal,718,10
001003.cha,TD,718,10
001013.cha,long,757,10
001013.cha,preverbal,757,10
001013.cha,TD,757,10
000828.cha,long,761,8
000828.cha,preverbal,761,8
000828.cha,TD,761,8
001106.cha,long,695,11
001106.cha,preverbal,695,11
001106.cha,TD,695,11
001120.cha,long,550,11
001120.cha,preverbal,550,11
001120.cha,TD,550,11
001022.cha,long,748,10
001022.cha,preverbal,748,10
001022.cha,TD,748,10
001016.cha,long,723,10
001016.cha,preverbal,723,10
001016.cha,TD,723,10
001108.cha,long,714,11
001108.cha,preverbal,714,11
001108.cha,TD,714,11
001126.cha,long,1036,11
001126.cha,preverbal,1036,11
001126.cha,TD,1036,11
000927.cha,long,654,9
000927.cha,preverbal,654,9
000927.cha,TD,654,9
001005.cha,long,609,10
001005.cha,preverbal,609,10
001005.cha,TD,609,10
001011.cha,long,973,10
001011.cha,preverbal,973,10
001011.cha,TD,973,10
000913.cha,long,723,9
000913.cha,preverbal,723,9
000913.cha,TD,723,9
001025.cha,long,896,10
001025.cha,preverbal,896,10
001025.cha,TD,896,10
